Start	End
1	218
250	1813
1815	3408
3410	3730
3732	3737
3739	4179
4181	4484
4486	4577
4579	5622
5624	5640
5642	5671
5673	15793
15920	18983
18995	20630
23073	23132
23134	23179
23181	23193
23206	23220
23222	23229
23328	23335
23346	24001
24003	24171
24173	24177
24189	24311
24318	24359
24434	24462
24496	24505
24509	24515
24517	24528
24732	25104
25115	25704
25723	26324
26326	30124
30137	30153
30164	30174
30186	33606
33619	33643
33719	36057
36059	37748
37750	37787
37789	39122
39180	40049
40051	40250
40252	40579
40581	43549
43640	46377
46379	46418
46420	46551
46576	46594
46672	47409
47411	47413
47415	48137
48139	50204
50215	52806
52808	53487
53489	54726
55375	58325
58327	58355
58357	58375
58377	60670
60693	63153
64620	68353
68364	68686
68688	69427
69429	69598
69600	69631
69633	71169
71171	71188
71190	71194
71196	73879
73881	74532
74534	75656
75658	76289
76291	76987
77009	77531
77533	77543
77547	79141
79143	79158
79160	79201
79203	79208
79216	79222
79232	79265
79267	79271
79273	79302
79346	79379
79381	79386
79388	79408
79410	79418
79435	79449
79453	79475
79477	79533
79535	80465
81501	82430
82432	82461
82463	83326
83357	83378
83462	84205
84207	84489
84491	84673
84675	84735
84737	88581
88750	88750
88752	88760
88762	90474
90476	93659
93661	94217
94219	94333
94335	94369
94371	95276
95278	96106
96108	96252
96254	99409
99411	105328
105330	105663
105665	107114
107116	112576
112578	114425
114427	116821
116823	119006
119008	120454
120456	121423
121471	122222
122224	122547
122549	126370
126372	129272
129274	130255
130257	130413
130415	130469
130471	130471
130473	130481
130484	130494
131066	131108
131110	131171
131205	131368
131370	132225
132256	133423
133425	134034
134228	134280
134287	135469
135471	135828
135840	137288
137290	138436
138438	138646
138659	140746
140748	142208
142210	142372
142374	142375
142377	143048
143201	150702
150704	152223
152530	152838
152840	152840
152842	153384
153386	154206
161628	162331
162333	163247
163249	165885
165887	166631
166633	167592
167594	167782
167784	167908
167910	168000
168002	171140
171142	171897
171909	174356
174358	174587
174589	174708
174710	174781
174783	175999
176001	176637
176639	176843
176845	176997
176999	177863
177865	177865
177867	180280
180282	181399
181401	182530
182532	184168
184170	190677
190679	196117
196121	203760
203771	205630
205632	207690
207692	207877
207879	208072
208074	208168
208170	208585
208587	208698
208702	208745
208747	208773
208775	208865
208867	209990
209992	210027
210029	210036
210038	213841
213843	216763
216765	216954
216966	218490
218492	218568
218579	219296
219298	219332
219525	219782
219794	220353
220364	221862
221864	221945
221947	221959
221961	222161
222172	222427
222429	226795
232336	233783
233785	234065
234067	234157
234159	237630
237632	239017
239019	240481
240559	240560
240572	240577
240615	240620
240859	241541
244079	248804
248866	249037
249055	249937
249954	249993
250005	250147
250232	250791
250793	250835
250837	250844
250918	250929
250997	250997
250999	251001
251003	251027
251029	251079
251081	251136
251138	251144
251216	251372
251377	251722
251724	252325
252336	252845
252847	252849
252851	252902
252904	253591
253593	254823
254825	255480
255491	263490
263501	263673
263849	264707
264723	264849
266496	266594
266596	266711
266713	266852
266854	266855
266857	266906
266908	267019
267021	267047
267049	267078
267089	267107
267109	267149
267151	267170
267172	267173
267175	267176
267178	267185
267187	267193
267213	267214
267217	267217
267219	267229
267240	267248
267250	267254
267256	267256
267259	267260
267262	267263
267265	267269
267271	267272
267274	267293
267295	267301
267303	267317
267319	267341
267343	267347
267349	267353
267355	267371
267373	267393
267395	267395
267397	267397
267414	267428
267430	267453
267455	267468
267470	267503
267506	267512
267514	267516
267519	267519
267521	267521
267523	267524
267526	267529
267535	267536
267538	267538
267555	267556
267558	267559
267561	267561
267563	267571
267574	267575
267577	267578
267580	267585
267587	267587
267589	267590
267595	267596
267599	267600
267603	267603
267605	267605
267624	267627
267630	267650
267652	267654
267667	267680
267684	267689
267691	267710
267712	267722
267724	267731
267733	267734
267736	267738
267740	267740
267742	267743
267745	267752
267754	267755
267758	267787
267789	267807
267809	267820
267822	267827
267829	267830
267832	267869
267872	267872
267874	267875
267877	267887
267889	267891
267893	267904
267906	267910
267925	267950
267952	267986
267988	268059
268061	268061
268063	268064
268066	268096
268098	268103
268105	268160
268162	268166
268168	268176
268178	268227
268229	268253
268256	268257
268259	268262
268264	268265
268267	268267
268269	268310
268312	268316
268318	268331
268333	268346
268348	268352
268354	268355
268357	268369
268371	268454
268456	268457
268461	268461
268463	268466
268469	268469
268471	268474
268479	268518
268521	268523
268526	268529
268531	268538
268540	268541
268543	268547
268549	268550
268553	268553
268556	268566
268568	268568
268570	268730
268732	268786
268788	268838
268840	268841
268843	268845
268847	268856
273870	273884
275079	275645
275777	276183
276194	276931
276942	277246
277262	277656
277658	282205
282207	282210
282213	284180
284191	285259
285261	285426
286244	287324
287326	287351
287353	287451
287453	287733
287735	287802
287804	287868
287870	287874
287876	287880
287882	287905
287907	287981
287983	289833
290593	290649
290651	290679
290681	291176
291178	291178
291190	291215
291363	291433
291435	291830
291832	291887
291889	297220
297222	297232
297282	297295
297325	297332
297349	297421
297423	300041
323515	323520
323531	323995
330129	331840
331842	331915
331917	331929
332531	332531
332533	332533
332535	332539
332555	332558
332560	332567
332569	335159
336131	336200
336212	336856
336871	337913
337915	337943
338000	338011
338013	339793
339795	340546
340548	340550
340552	343128
343140	343847
343866	343909
343911	344292
344304	344677
344688	345356
347807	348043
348054	348211
348226	348665
353381	354072
354076	357662
357667	357668
357673	363980
363982	364073
364085	364269
364280	366103
366131	367989
367991	368109
368120	368142
368154	368187
373137	373156
373168	373239
373251	373721
373723	374481
374483	375043
375045	375337
375339	375349
375351	375364
375366	375579
375581	375630
375632	375677
375789	375848
375850	379251
379291	379304
379324	379512
379524	383948
383950	385355
385366	385954
385969	386404
386434	388751
388753	388843
388845	391255
391707	392952
392954	392986
393131	393148
393150	393955
393957	398850
398852	398887
398889	401789
401801	401875
401890	402738
402740	404188
404190	404304
404306	404527
404530	405147
405149	406274
406413	406788
406790	406817
406819	406986
406988	407908
407910	407976
407978	408131
408133	408268
408270	408714
408716	410655
410657	411032
411752	414706
414708	416408
416410	417192
417194	420031
420033	420583
420585	424361
426195	429099
429101	430021
430023	433529
433531	433553
433555	433898
433900	435525
435537	435544
435556	435566
435568	435572
435574	435587
435598	435605
435607	435621
435623	436167
436169	438072
446197	446948
446950	447802
447804	448041
448043	448099
448101	448499
448502	449746
449758	450183
450187	450844
451111	451629
451646	451646
451650	451650
451653	451653
451656	452017
452929	458258
458260	458524
458526	459132
459134	460863
460893	460904
460906	460911
460998	461888
461890	461966
461968	462014
462016	462262
462264	462405
462407	468383
470323	470691
471065	471088
471100	471235
471237	472338
472340	472743
472745	473147
473257	473915
473917	476114
476116	476338
476354	476749
476751	477066
477068	477141
477144	477146
477149	485478
485482	486314
487974	489727
489738	491524
491526	491537
491539	494107
494795	497156
497158	497254
497256	497262
497431	497452
497454	497534
497536	501356
503344	504734
504736	505318
505320	506578
506580	507975
507977	508261
508263	511183
511185	511338
511359	511372
511374	511548
511550	511628
511630	511657
511659	511986
511988	512389
512391	512727
512829	517927
517932	517942
517954	517982
517993	518121
518123	518312
518314	518484
518486	522545
522556	528395
528397	530428
530451	530996
530998	533019
533021	534330
534341	534723
534725	536800
536821	536881
536883	540993
540995	542014
542029	542039
542051	546094
546106	549317
549319	549515
549517	553018
553020	555964
556037	556298
556300	556590
556592	556644
556646	558427
558429	558894
558896	558947
558950	558966
558968	558973
558975	558982
558984	558984
558986	558989
559365	560557
560559	560626
560628	560633
560635	563716
563770	568040
568042	568180
568182	568536
568538	569166
569177	569205
569207	569691
569693	572308
572310	572367
572369	572438
572440	573445
573447	573454
573456	574929
574931	575812
575814	576677
576679	577567
577569	578297
578299	578338
578340	578341
578343	578348
578350	578352
578354	579586
605072	605094
605106	605564
608227	608405
608407	608502
608504	611562
611564	613507
613509	614003
614005	614266
614268	615517
615519	615862
615864	616614
616616	616736
616748	616801
620799	621294
621296	621475
621486	621644
621655	622838
622860	622866
622868	622871
622879	622892
622994	629161
629173	630175
630177	631611
631622	637710
637712	639919
639922	639937
639939	639984
639986	640005
640010	640677
640679	641684
641686	642572
642574	643855
643965	644613
644652	644739
644741	648719
648721	650317
650338	650409
650411	650428
650604	650704
650706	651382
651384	651521
651523	651788
651800	653461
653463	653513
653515	656303
656343	657068
657090	658673
658675	658778
658780	660443
660445	660663
660665	663195
663197	663233
663235	663384
663386	664579
668601	668616
669626	671184
671195	671613
671615	671665
671667	671680
671682	671695
671698	671776
671778	671926
671928	671930
671932	671942
671945	671962
671964	671965
671967	671998
672000	672019
672021	672024
672026	672052
672054	672058
672060	672064
672066	672089
672091	672124
672126	672126
672128	672130
672132	672178
672180	672184
672186	672241
672243	672433
672435	672459
672467	672481
672534	673857
675424	675668
675679	675734
675736	675740
675742	675751
675768	675773
675880	675939
675960	676183
676185	676272
676274	678504
678506	679240
679242	679614
679629	680944
680946	682091
682104	683003
683005	683330
683332	683490
683492	683895
683897	684071
684073	684282
684284	689601
689603	689671
689673	689983
689994	689994
690008	690086
690097	690124
690593	690626
691096	691745
691903	693927
693929	694227
694229	696394
696396	696416
696669	696709
696711	696717
696720	696823
696825	697962
697964	698214
698216	698400
698402	698403
698405	698632
698634	698781
698783	698919
698921	699737
699739	700111
700217	703516
703518	703583
703585	703711
703713	704352
704354	704504
704506	704591
704593	705829
705831	705972
705974	706189
706195	706671
706673	706981
706983	707031
707033	709707
709709	712623
712637	718152
718154	719163
719175	720975
721007	725795
725797	727960
727962	727976
727983	728981
728983	729842
729844	733369
733371	733397
733520	733537
733546	734205
734207	736704
736706	737613
737621	737635
737637	738605
738607	738897
738899	738899
738911	739430
739442	740720
740722	742773
742786	743665
743676	745351
745364	753297
753313	756183
756195	757955
757967	760192
760194	760197
760203	760827
760839	760860
760862	760873
760875	760955
760957	762453
762458	762458
762461	766016
766018	767475
767477	767570
767572	767595
767597	768546
768548	768591
768593	768662
768664	769326
769527	770541
770543	770915
770917	770973
770975	776078
776080	776591
776669	776703
776781	776826
776905	776916
776994	777017
777019	777025
777103	777210
777299	777300
777302	777302
777314	777462
777473	778831
778833	779541
779571	784447
784449	785170
785172	787835
787847	787847
788089	788094
788205	788241
788243	788299
788301	788303
788316	788791
788802	790204
790215	795232
795244	795379
795381	798528
799572	799579
799581	799659
799661	799787
799789	799823
799825	799896
799898	799942
799944	799977
799979	800606
800608	800690
800692	800696
800702	801539
801541	801738
801740	801973
801975	802087
802089	802153
802155	802195
802197	803155
803157	803262
803264	803828
803830	804630
804632	806269
806271	807888
811726	811935
811943	812217
812235	812809
812821	813527
813538	813759
813761	813784
813796	813829
813840	813850
813894	813915
813917	813935
815610	817087
817089	817523
817716	822602
822604	823139
823151	824489
824896	825020
826134	826248
829849	829892
829894	836397
836399	836894
836896	837395
837397	838553
838555	838577
838579	838586
838588	838659
838662	838665
838667	838705
838707	838730
838732	840320
840322	841613
855891	861124
861231	861235
861258	861263
861265	861270
861273	861282
861284	861312
861482	861484
861545	861580
861582	861591
861593	861639
861641	861688
861690	864978
865453	865456
865458	865461
865463	865464
865467	865481
865483	865496
865498	865516
865518	865542
865544	865595
865822	865951
865953	870649
870667	870696
870708	872517
872519	872947
872949	873521
873523	876099
876112	878029
878031	878821
878833	880006
880008	884415
884417	884686
884688	884982
884984	887191
887333	887333
887338	887338
887343	887673
887675	888059
888073	888333
888335	888450
888452	889665
889667	889713
889715	889722
889733	889735
889737	889744
889746	889748
889750	889752
889754	891109
929710	930419
930421	931237
931239	931300
931302	931508
931510	932693
932695	932715
932717	932727
932729	932730
932789	932893
932895	932905
932907	932920
932922	932924
932926	933342
933344	936678
936680	937135
937137	937981
937992	941253
941255	941638
941640	941738
941740	941861
941863	942113
942124	942926
943194	945566
945568	948419
948421	951217
951219	954435
954437	954442
954446	954446
954460	954608
957416	957900
957902	957948
957950	958585
958608	959098
959100	959943
959946	961416
961418	961441
961443	961547
961549	961644
961646	962129
962131	962905
962921	963062
963088	965199
965201	965569
965571	967298
967300	967564
967566	967641
967643	967675
967677	967712
967714	967716
967718	967719
967722	971495
971506	976299
976301	979107
979118	981335
981337	981930
981945	985142
985144	986304
986315	987373
987375	989362
989364	989406
989408	990189
990191	990486
990488	990488
990490	990780
990782	990821
990837	990895
990897	991792
991794	993114
993116	994094
994096	997347
997349	1000997
1001994	1005986
1005997	1007747
1007749	1009646
1009648	1010366
1010368	1012270
1012272	1013898
1013900	1017663
1017665	1020808
1020810	1022159
1022161	1024923
1028440	1029211
1029226	1029233
1029336	1029432
1029443	1032795
1035651	1036083
1036085	1036098
1036100	1036128
1036130	1036148
1036150	1036234
1036236	1038462
1038464	1038474
1038476	1038554
1038556	1038563
1038565	1038590
1038592	1038626
1038636	1038639
1038641	1038644
1038762	1038771
1038773	1038773
1038775	1039853
1039855	1039879
1039881	1040085
1040087	1040867
1040869	1040871
1040873	1040990
1040992	1041001
1041003	1041458
1041460	1041608
1041610	1041649
1041652	1042062
1042064	1042391
1042393	1043831
1043833	1045987
1045999	1046072
1046425	1047293
1047435	1047438
1047440	1047455
1047457	1047534
1047536	1047882
1047884	1047895
1047897	1048600
1048602	1050313
1050315	1050480
1050482	1050590
1050592	1052073
1052075	1055785
1055787	1056688
1056718	1056742
1056755	1056766
1056778	1056859
1056891	1056918
1057057	1061432
1061434	1061437
1061486	1061529
1061531	1061571
1061573	1065105
1065107	1065515
1065517	1065528
1065530	1065533
1065536	1065536
1065538	1065542
1065544	1065554
1065556	1065557
1065559	1065560
1065562	1065563
1065565	1065566
1065568	1065573
1065575	1065575
1065577	1065859
1065862	1066125
1066127	1066526
1066594	1066599
1066601	1066604
1066606	1066610
1066612	1066612
1066614	1066619
1066621	1066627
1066630	1066631
1066633	1066643
1066645	1066649
1066651	1066651
1066653	1066661
1066663	1066666
1066669	1066688
1066690	1066691
1066693	1066705
1066707	1066709
1066711	1066712
1066714	1066721
1066723	1066723
1066725	1066727
1066732	1066734
1066736	1066736
1066738	1066740
1066794	1066805
1066836	1066855
1066857	1066904
1066906	1069819
1069821	1070550
1070552	1070648
1070650	1076008
1076020	1076900
1076912	1079887
1079932	1080927
1081099	1082909
1082912	1082913
1082915	1082916
1082930	1084201
1084203	1084227
1084229	1084236
1084434	1089762
1089764	1089844
1089867	1089875
1089880	1093053
1093067	1093828
1093830	1097871
1097873	1098467
1098469	1098493
1098495	1102794
1102796	1104401
1104403	1104484
1104486	1105611
1105613	1106570
1106572	1106678
1106680	1107129
1107131	1107159
1107161	1107425
1107427	1107528
1107530	1107555
1107557	1107595
1107597	1107609
1107667	1107671
1107724	1107775
1107789	1108682
1108731	1108790
1108874	1108890
1108900	1109021
1109023	1113941
1113954	1113963
1113974	1114312
1114314	1115938
1115940	1116592
1116826	1116839
1116852	1116891
1116893	1117038
1117059	1117303
1117305	1118128
1118130	1118923
1118925	1121496
1121498	1121602
1121604	1122319
1122321	1122337
1122339	1122360
1122362	1122417
1122419	1122451
1122453	1122679
1122681	1122704
1122783	1123121
1123123	1123383
1123385	1124543
1124545	1124564
1124566	1124567
1124569	1125106
1125108	1125169
1125171	1125878
1125880	1127007
1127018	1127117
1127123	1127179
1127202	1127540
1127797	1127835
1127837	1127883
1127888	1128178
1128190	1128793
1128795	1129172
1129183	1130779
1130794	1132366
1132368	1132368
1132380	1133859
1133870	1135266
1135268	1135701
1135703	1137155
1137296	1137301
1137313	1138745
1138747	1140415
1140417	1141556
1141558	1141816
1141818	1143488
1143530	1143535
1143537	1143552
1143570	1143579
1143581	1144131
1144133	1144980
1144993	1147306
1147308	1147412
1147414	1148207
1148209	1148412
1148424	1148440
1148442	1148442
1148454	1149123
1149140	1149258
1149265	1155026
1155042	1155183
1155185	1155199
1155201	1155250
1155252	1155281
1155283	1155309
1155311	1159011
1159013	1159340
1159342	1161067
1161069	1161070
1161072	1161072
1161084	1161084
1210887	1210887
1210948	1211138
1211149	1212180
1212197	1212313
1212315	1213870
1213872	1213881
1213883	1215846
1215848	1216338
1216502	1219950
1219972	1221286
1221302	1222927
1222929	1226366
1226368	1229521
1229523	1229631
1229634	1229656
1229668	1229672
1229674	1229961
1229963	1229997
1229999	1230009
1230011	1230018
1230021	1230026
1230028	1230580
1230591	1232117
1232119	1232761
1232763	1234106
1234108	1234693
1234703	1236482
1236493	1237499
1237501	1237874
1237891	1237927
1237929	1238022
1238024	1238623
1238625	1239372
1239414	1240937
1241024	1242947
1243025	1243048
1243050	1243120
1243135	1243409
1243421	1243491
1243508	1244069
1244081	1245336
1245340	1245340
1245345	1245780
1245782	1246153
1308862	1309243
1309254	1309338
1309340	1309446
1309457	1309685
1309687	1310527
1310529	1311805
1311807	1311843
1311845	1311865
1311867	1311930
1311932	1312652
1312654	1314324
1314326	1314501
1314503	1316286
1316288	1316455
1316457	1317264
1317266	1317918
1317920	1318359
1318361	1319379
1319381	1319453
1319455	1319457
1319468	1319568
1319570	1319626
1319628	1320988
1320992	1321424
1321462	1321776
1324321	1324550
1324552	1329192
1456941	1457595
1457597	1459478
1459492	1460094
1460105	1460105
1460117	1462675
1462864	1463043
1463045	1463807
1463821	1463925
1463940	1468326
1468337	1478368
1478370	1478387
1478389	1480429
1480431	1482156
1482158	1482329
1482331	1483065
1483067	1483463
1483465	1486022
1486236	1490153
1490164	1491449
1491451	1492047
1492049	1492093
1492095	1492126
1492128	1492355
1492370	1492508
1492600	1493408
1493410	1493495
1493511	1493516
1493551	1493593
1493595	1493601
1493603	1493651
1493653	1493844
1493957	1495263
1495265	1497206
1497208	1500306
1500317	1500413
1500424	1500426
1500438	1500525
1500527	1500538
1500548	1501144
1501146	1501173
1501175	1501189
1501191	1501192
1501195	1501195
1501232	1501248
1501263	1501284
1501286	1501295
1501297	1501325
1501472	1501473
1501475	1501480
1501522	1501532
1501733	1501752
1501754	1501775
1501777	1501805
1501824	1501840
1501842	1501915
1501917	1502739
1502741	1502856
1502858	1502946
1502948	1503289
1503291	1504954
1504956	1505167
1505178	1507853
1507855	1508423
1508425	1508606
1508608	1517781
1517783	1520867
1520905	1521939
1521941	1522040
1522042	1525039
1525053	1525294
1525296	1525309
1525312	1525901
1525903	1527722
1527724	1528171
1528268	1529581
1529657	1530008
1530010	1530040
1530042	1530120
1530127	1530132
1530145	1530153
1530163	1530209
1530211	1530291
1530293	1531544
1531546	1531821
1531823	1531843
1531845	1532222
1532224	1532287
1532439	1535810
1535812	1535976
1535978	1535997
1535999	1536026
1536028	1536042
1536044	1536713
1536715	1536794
1536796	1537161
1537163	1538197
1538199	1541157
1541159	1541610
1594494	1594710
1610172	1612389
1612401	1613200
1613202	1613612
1613614	1614397
1614399	1618289
1665543	1668615
1668626	1669200
1669211	1670086
1670088	1670229
1670231	1671283
1671285	1673484
1673486	1673692
1673694	1675275
1675277	1675312
1675314	1676060
1676062	1677357
1677359	1678870
1678904	1678908
1678952	1680027
1680029	1680033
1680135	1680160
1680162	1681643
1681655	1681779
1681791	1681845
1681946	1682453
1682456	1682565
1682567	1682684
1682686	1682722
1682724	1682735
1682737	1682759
1682761	1682766
1682768	1682917
1682919	1682970
1682972	1683023
1683025	1683301
1683303	1683824
1683826	1683826
1683838	1685599
1686915	1688000
1688011	1688033
1694830	1694955
1694957	1696229
1696240	1697754
1697756	1698774
1698776	1702167
1702169	1702178
1702180	1702194
1702196	1702393
1702395	1702497
1702509	1702511
1702523	1702558
1702570	1703862
1703864	1706292
1706294	1708050
1708052	1709576
1709581	1709581
1709584	1709607
1709622	1709689
1709694	1710247
1710249	1712473
1712490	1714944
1714946	1715001
1715003	1715097
1715099	1715099
1715101	1715103
1715576	1715638
1716105	1717980
1717994	1718528
1718530	1719229
1719249	1719746
1719748	1724647
1724649	1724832
1724837	1726019
1726021	1726406
1726408	1726806
1726808	1727509
1727521	1727521
1727528	1727528
1727539	1727539
1727554	1727554
1727566	1727566
1727568	1727568
1727587	1727587
1727590	1727590
1727593	1727593
1727674	1727674
1727709	1727709
1727716	1727716
1727728	1727729
1727740	1727740
1727767	1728082
1728084	1729331
1729359	1729359
1729371	1729371
1730202	1730657
1730659	1730723
1730725	1730816
1730846	1730890
1730892	1730893
1730895	1730938
1730940	1731019
1731021	1732063
1732815	1738613
1738624	1739414
1739425	1747616
1747618	1749836
1749838	1749955
1749957	1749962
1749977	1750034
1750083	1753402
1753414	1753479
1753491	1753518
1753520	1753942
1753954	1754160
1754162	1754208
1754210	1754486
1754488	1755779
1755781	1756830
1756842	1757521
1757643	1757643
1815818	1817277
1817342	1817348
1817393	1817525
1817527	1817569
1817571	1817933
1817935	1818183
1818185	1818965
1818967	1819596
1819598	1821638
1821641	1821661
1821663	1821670
1821672	1821685
1821840	1821907
1822035	1822045
1822047	1822118
1822120	1822204
1822206	1822786
1822788	1822902
1822904	1822912
1822914	1823401
1823403	1823562
1823564	1823607
1823609	1823618
1823620	1823698
1823700	1825582
1825584	1825875
1827665	1833164
1833166	1833663
1833665	1833688
1833690	1833717
1833719	1833777
1833779	1836484
1836486	1837296
1837298	1837309
1837313	1837313
1837400	1837500
1837502	1840751
1840753	1840782
1840784	1841410
1841412	1845470
1845482	1847661
1847663	1847671
1847760	1847768
1847777	1847930
1847932	1847961
1847963	1848469
1848471	1848964
1848966	1851069
1851080	1851683
1851685	1852004
1859908	1860645
1860647	1861925
1861927	1863640
1863642	1864207
1864209	1867535
1867537	1869388
1869390	1870583
1870585	1870779
1870781	1871243
1871245	1871294
1871296	1871416
1871418	1871677
1871679	1871795
1871797	1871842
1871844	1872116
1872118	1872239
1872241	1872361
1872363	1872445
1872447	1872474
1872476	1872935
1872937	1874268
1874270	1874287
1874289	1874355
1874357	1874364
1874368	1874408
1874600	1874617
1874619	1874666
1874668	1874758
1874783	1874843
1874845	1874848
1874850	1874851
1874853	1875418
1875420	1875533
1875535	1875562
1875577	1875595
1875625	1875630
1875632	1875636
1875638	1875813
1875815	1876295
1876297	1876583
1876585	1876657
1876659	1876712
1876714	1877182
1877184	1877993
1878004	1878153
1878164	1878495
1878506	1879108
1879110	1879111
1879115	1880726
1880738	1882375
1882377	1882971
1882973	1883057
1883060	1883241
1883243	1883303
1883305	1883456
1883458	1883818
1883820	1883891
1883893	1884245
1884247	1884256
1884258	1884260
1884262	1884280
1884282	1884298
1884300	1884305
1884307	1884393
1884395	1886357
1886359	1886454
1886456	1886666
1886668	1886930
1886934	1887010
1887014	1887041
1887043	1888644
1888658	1888706
1888708	1889279
1889281	1892028
1892039	1893343
1893345	1894728
1894730	1895501
1895503	1898649
1898660	1898695
1898706	1900072
1900084	1902637
1902648	1903052
1903054	1905307
1905309	1907525
1907527	1907555
1907557	1907902
1907904	1907945
1907947	1909077
1909079	1909184
1909186	1909280
1909282	1909297
1910617	1910788
1910790	1911382
1911393	1913310
1913312	1913340
1913342	1919382
1919437	1921095
1921097	1921508
1972664	1973366
1973368	1974179
1974190	1974593
1974760	1974795
1974797	1976370
1976379	1976609
1976612	1977127
1977129	1977173
1977175	1981950
1981952	1982130
1982132	1982606
1982608	1982618
1982620	1982665
1982667	1982970
1982985	1983197
1983199	1983456
1989965	1990012
1990023	1990036
1990069	1990566
1990568	1991845
1991857	1995251
1995586	1999084
1999086	1999723
1999725	1999739
1999742	1999757
1999759	1999831
1999833	2000184
2000186	2001038
2001040	2002987
2004810	2011034
2011036	2011150
2011152	2011232
2011234	2011269
2011272	2016750
2016752	2018171
2018181	2020001
2020013	2020117
2020184	2020713
2020809	2020852
2020949	2020970
2020972	2021006
2021008	2021019
2021021	2021156
2021158	2021328
2021339	2023836
2023838	2024071
2024073	2024082
2024084	2024089
2024091	2024154
2024156	2024340
2024342	2024757
2024759	2026185
2026187	2026848
2026850	2026850
2026852	2030744
2030746	2030952
2030954	2030980
2030987	2031774
2031776	2031782
2031784	2031842
2031844	2031882
2031884	2032896
2032898	2032903
2032923	2034358
2034360	2034411
2034413	2034761
2034775	2039172
2039174	2040323
2040336	2040864
2040866	2040914
2040933	2042956
2042965	2043002
2043017	2043021
2043041	2043098
2043103	2043106
2043599	2043840
2050813	2050821
2050833	2050841
2050843	2050979
2050981	2051021
2052342	2052633
2052635	2052658
2052660	2052909
2052911	2053511
2053513	2054059
2054070	2056988
2057810	2061688
2061690	2062230
2062232	2062389
2062391	2063463
2063476	2063632
2063643	2063738
2063752	2063772
2063774	2063831
2063833	2063888
2063890	2063895
2063897	2063929
2063931	2063936
2063947	2064531
2064569	2064574
2064604	2064801
2065443	2065768
2067312	2067530
2067532	2067555
2067787	2069096
2070373	2070374
2070397	2070397
2070399	2070399
2070411	2070411
2070424	2070424
2070435	2070435
2070478	2070479
2070497	2070497
2070533	2070533
2070560	2070560
2070585	2070585
2070616	2070616
2070642	2070642
2070669	2070669
2070679	2070681
2070692	2070692
2070696	2070696
2070699	2070699
2070716	2070717
2070762	2070762
2070775	2070775
2070804	2070804
2070834	2070834
2070877	2070877
2070885	2070885
2070891	2071424
2071741	2072463
2072465	2073598
2073783	2073930
2073932	2074684
2074686	2075020
2075022	2075156
2075158	2076191
2076193	2077804
2077815	2079808
2087271	2088064
2088066	2088829
2088840	2089141
2089143	2089166
2089168	2092022
2093527	2093538
2093603	2093650
2093652	2096300
2096302	2097351
2097353	2100802
2100808	2100814
2100828	2100995
2101008	2103747
2103759	2103989
2104226	2104238
2104240	2104255
2104268	2104973
2104975	2104995
2104997	2105027
2105029	2105101
2105115	2105408
2105410	2105580
2105583	2105583
2105586	2105586
2105588	2108424
2108439	2109132
2109144	2113540
2113542	2113730
2113732	2114630
2114642	2114704
2114706	2114929
2114972	2115036
2115096	2115206
2115331	2115531
2115651	2116652
2116669	2118146
2118169	2118307
2118309	2118309
2118321	2120137
2120152	2121636
2121652	2122288
2122306	2122312
2122472	2123178
2123180	2126202
2126204	2126294
2126296	2128266
2128268	2131526
2131529	2131798
2131800	2133270
2133282	2138181
2138183	2138242
2138244	2141431
2141443	2141450
2141465	2141572
2141574	2142868
2142870	2144752
2144790	2145635
2145637	2146908
2148577	2150516
2150518	2150631
2150802	2151340
2151352	2152912
2152914	2152931
2152933	2153051
2153053	2154877
2154882	2155104
2155115	2156217
2156228	2156431
2156433	2156505
2156507	2156622
2156624	2158070
2158072	2158309
2255028	2262253
2262255	2264837
2264839	2265128
2265139	2265615
2265617	2265809
2265811	2269200
2269202	2269270
2269272	2269279
2269281	2269295
2269299	2269317
2269319	2269364
2269482	2269527
2269529	2269534
2269536	2269552
2269555	2271605
2271607	2277097
2277099	2277204
2277206	2277286
2277288	2284891
2284893	2285154
2285156	2286016
2286018	2286030
2286032	2286101
2286103	2286112
2286119	2286328
2286330	2286362
2286364	2286705
2288198	2290522
2290524	2291191
2291193	2291587
2291598	2295137
2295150	2296112
2296123	2296131
2296142	2296199
2296225	2298581
2298583	2298693
2298695	2298791
2298793	2299497
2299499	2299815
2299818	2299972
2299974	2300016
2300018	2300161
2300163	2302609
2302611	2302997
2303009	2306868
2306870	2307082
2307084	2307148
2307150	2307479
2307481	2307639
2307641	2308342
2308959	2310102
2310104	2310636
2310638	2311422
2311424	2312163
2312176	2316230
2316232	2316873
2316876	2316966
2316968	2318212
2318215	2318286
2318297	2318329
2318341	2318509
2318511	2318911
2318957	2319494
2319505	2322129
2322131	2322253
2322255	2324079
2324081	2324557
2324559	2325544
2325546	2325722
2325724	2325777
2325779	2325790
2325792	2328564
2328566	2330215
2330217	2330217
2330219	2330219
2330222	2331225
2331422	2331462
2331464	2331552
2331554	2331940
2331942	2334110
2334122	2335989
2335991	2339387
2339389	2339435
2339437	2339456
2339458	2339484
2339486	2344646
2344648	2348307
2348309	2348420
2348422	2354451
2354677	2354733
2354735	2356171
2356173	2357548
2357559	2359983
2359986	2360034
2360036	2360126
2360128	2360445
2360447	2361680
2361682	2362133
2362135	2362146
2362148	2362191
2362193	2362283
2362285	2362867
2362869	2363059
2363061	2363349
2363351	2363635
2363637	2364691
2364703	2365897
2365899	2366544
2366546	2366704
2366706	2366817
2366819	2370314
2370316	2370324
2370341	2372382
2372442	2375310
2375321	2375326
2375328	2375336
2375347	2375665
2375668	2379441
2379443	2380529
2380531	2383006
2383008	2384368
2384381	2385148
2385150	2385396
2385398	2385579
2385581	2386650
2386652	2387159
2387161	2387582
2387584	2387589
2387591	2387683
2387685	2387712
2387714	2387784
2387786	2388690
2388692	2389456
2389466	2389479
2389481	2389489
2389491	2392414
2392416	2392517
2392519	2393025
2393027	2393906
2393908	2395684
2395686	2395823
2395825	2396635
2396637	2397007
2397009	2397154
2397282	2397584
2397587	2397763
2397765	2397804
2397806	2397821
2397823	2398222
2398226	2398242
2398244	2398256
2398264	2398268
2398270	2398272
2398289	2398337
2398339	2398344
2398346	2398433
2398435	2398458
2398460	2398552
2398554	2398839
2398967	2399615
2399626	2402785
2402796	2404528
2404568	2404853
2404868	2404882
2404893	2405859
2405861	2405963
2405965	2406011
2406013	2406027
2406151	2406219
2406221	2407376
2407378	2408007
2408043	2408121
2408123	2408155
2408157	2412283
2412294	2412502
2412513	2413081
2413083	2413144
2413146	2415971
2416023	2416088
2416090	2418191
2418193	2418193
2418205	2421508
2421510	2421511
2421523	2424544
2424546	2424745
2424747	2425052
2425054	2425427
2425438	2426063
2426065	2426401
2426403	2427408
2427410	2427410
2427412	2427684
2427686	2427689
2427691	2428357
2428359	2428470
2428472	2428521
2428524	2428524
2428526	2428526
2428528	2428528
2428534	2428536
2428538	2428538
2428540	2428540
2428543	2428546
2428548	2428553
2428555	2428580
2428582	2428599
2428601	2428637
2428639	2428647
2428649	2428675
2428677	2428785
2428802	2428810
2428862	2428872
2428991	2429027
2429037	2429350
2429360	2429739
2429741	2429828
2429830	2431790
2431792	2431799
2431811	2432357
2432359	2435938
2435941	2436113
2436115	2436157
2436159	2436343
2436345	2436349
2436351	2437137
2437139	2437215
2437217	2437264
2437266	2438739
2438801	2439904
2439906	2440597
2440599	2440884
2440886	2442304
2442306	2442560
2442562	2442622
2442624	2442719
2442721	2445462
2445464	2449479
2449492	2450342
2451258	2454316
2454318	2454318
2455632	2455751
2455763	2458093
2458104	2462550
2462552	2463207
2463223	2465933
2465935	2466016
2466018	2469126
2469128	2469156
2469158	2469633
2469635	2470687
2470689	2471119
2471121	2472380
2472382	2472404
2472494	2472516
2472518	2477851
2477853	2478949
2478951	2481092
2481103	2484800
2484802	2485697
2485699	2485854
2485856	2488973
2488975	2489090
2489092	2489139
2489141	2489173
2489175	2489197
2489204	2489214
2489216	2489268
2489270	2489311
2489313	2489328
2489335	2489349
2489356	2489361
2489363	2489482
2489484	2489538
2489544	2489546
2489548	2489787
2489789	2489843
2489845	2490323
2490325	2490414
2490416	2492089
2492091	2492362
2492364	2493428
2493430	2493645
2493647	2493655
2493657	2493737
2493739	2494802
2494804	2494812
2494965	2495047
2495049	2495396
2495398	2495747
2495750	2495764
2495828	2496541
2496543	2498267
2498269	2499354
2499356	2499670
2499672	2502557
2502559	2502720
2502747	2507295
2507367	2507367
2507369	2507450
2507452	2508172
2508174	2509734
2509745	2509970
2509988	2510124
2510126	2510871
2510883	2511195
2511207	2515955
2515957	2515984
2515986	2517033
2517035	2517161
2517163	2520887
2520889	2521044
2521046	2521881
2521883	2522044
2522046	2522183
2522185	2522231
2522233	2522246
2522248	2523051
2523053	2523241
2523243	2523324
2523326	2523442
2523444	2523452
2523454	2523467
2523469	2523722
2523724	2525296
2525309	2525610
2525612	2529174
2529176	2533345
2533347	2534756
2534758	2534773
2534775	2534836
2534838	2534893
2534895	2535013
2535015	2539030
2539032	2540651
2540653	2541186
2541197	2541962
2542005	2542040
2542044	2542059
2542061	2542089
2542091	2542094
2542096	2545968
2545970	2546168
2546170	2546185
2546419	2550624
2550626	2550904
2550906	2553059
2553061	2553077
2553079	2554837
2554839	2554922
2554924	2555056
2555058	2555075
2555079	2555085
2555088	2555098
2555100	2555105
2555112	2555112
2555114	2555125
2555127	2555245
2555247	2555265
2555267	2555392
2555394	2555534
2555545	2555562
2555600	2555673
2555675	2555744
2555746	2556512
2556514	2556522
2556524	2556532
2556534	2560355
2560405	2560409
2560415	2563960
2563972	2564689
2564691	2564969
2564971	2565003
2565005	2570080
2570082	2570105
2570108	2571135
2571137	2573382
2573384	2574846
2574857	2576038
2576040	2576058
2576060	2576067
2576069	2576108
2576111	2576208
2576210	2577048
2577050	2577534
2577536	2580627
2580629	2580717
2589397	2589915
2589920	2589951
2589953	2590518
2590529	2590785
2590797	2593037
2614279	2614424
2614435	2614449
2614526	2615130
2615132	2615601
2615603	2615670
2615672	2615735
2615737	2615775
2615777	2617989
2617991	2618060
2618085	2618499
2618511	2619600
2619602	2621473
2621484	2622942
2622944	2624295
2624306	2624385
2624387	2624405
2624420	2624425
2624427	2624427
2624444	2624477
2624479	2624773
2625810	2626756
2626767	2630199
2630201	2630658
2630660	2631323
2631325	2632412
2632426	2633206
2637305	2637812
2637814	2638454
2638456	2638611
2638613	2640009
2640011	2640174
2640176	2640284
2640286	2640286
2640288	2640300
2640302	2640304
2640306	2640309
2640312	2640372
2640374	2640393
2640441	2641127
2641766	2641821
2641824	2643098
2643100	2643112
2643114	2643122
2643124	2643148
2643150	2643208
2643210	2643218
2643260	2643646
2643648	2644382
2644384	2645660
2645662	2645856
2645858	2645928
2645930	2646670
2646672	2646830
2646832	2647565
2647576	2650646
2650648	2650904
2650906	2651156
2651158	2655681
2655683	2655813
2655815	2657900
2657911	2658345
2658347	2658352
2658645	2658645
2658647	2658825
2659905	2660108
2660134	2660193
2660205	2664133
2664144	2664238
2664240	2664402
2664404	2665889
2665891	2667583
2667595	2667867
2712173	2713228
2713355	2714261
2714263	2716237
2716239	2716676
2717974	2718465
2718467	2719934
2719936	2719942
2719944	2721130
2721132	2721134
2721137	2721734
2721737	2723190
2723201	2726252
2726261	2726269
2726400	2726481
2726483	2727151
2727153	2727166
2727367	2727411
2727422	2727430
2727432	2727476
2727487	2727552
2727563	2727626
2727628	2727628
2727734	2728636
2728638	2728645
2728705	2729453
2729573	2731745
2731756	2731841
2731979	2735626
2751675	2753241
2753253	2753389
2753400	2754355
2754357	2754390
2754392	2755422
2755424	2755430
2755443	2755638
2755640	2756595
2756597	2756731
2756746	2759828
2759830	2760273
2760275	2761848
2762065	2763714
2763716	2763803
2763805	2763847
2763849	2763897
2763899	2763904
2763967	2764200
2764202	2764247
2764249	2764357
2764359	2764900
2764902	2764938
2764940	2764969
2764971	2764971
2764973	2764985
2764987	2765121
2765124	2766986
2766989	2767070
2767072	2767143
2767145	2767232
2767234	2767440
2767442	2767471
2767473	2768163
2768165	2768835
2768837	2769074
2769076	2769240
2769242	2769470
2769481	2769835
2769846	2769976
2770116	2770194
2770364	2770516
2770527	2770617
2770629	2773484
2787745	2788623
2790004	2791666
2791668	2791895
2791897	2792510
2792512	2794020
2794022	2794028
2794031	2794041
2794043	2794049
2794061	2794061
2794063	2794065
2794067	2794099
2794101	2794134
2794136	2794182
2794184	2794229
2794231	2794286
2794306	2794422
2794424	2794519
2794521	2794553
2794555	2794873
2794875	2795183
2795185	2795719
2795722	2796180
2796182	2796605
2796607	2797080
2798407	2798655
2798657	2799104
2799106	2800207
2800209	2800356
2800358	2800463
2800465	2800553
2800565	2800575
2800577	2800679
2800681	2800773
2800775	2801097
2801099	2802173
2802175	2802732
2802734	2803838
2803852	2806386
2806388	2806420
2806593	2806619
2806662	2807024
2807026	2807597
2807599	2807611
2807613	2807793
2807795	2808923
2808998	2813375
2813377	2814997
2815743	2816082
2816084	2816705
2816707	2817744
2817746	2819598
2819607	2819633
2819644	2819701
2819713	2821996
2821998	2822593
2822682	2823306
2823308	2824069
2824086	2824885
2824887	2824921
2824923	2824957
2824959	2825001
2825013	2825066
2825068	2825144
2825146	2825224
2825226	2825509
2825511	2826905
2826961	2828536
2829447	2830921
2830923	2831160
2831162	2831168
2831204	2831235
2831272	2831275
2831325	2831457
2831459	2831494
2831496	2831553
2831555	2831786
2831788	2831823
2831825	2833883
2833885	2833932
2833934	2833935
2833937	2833984
2833986	2834037
2834039	2834297
2834299	2834967
2834969	2840278
2840290	2840371
2840373	2841124
2841147	2842771
2842773	2842774
2842776	2843300
2843312	2843318
2843321	2843327
2843329	2843416
2843427	2849818
2849824	2849888
2849890	2849918
2849920	2850054
2850056	2850312
2850314	2850736
2850738	2850993
2851005	2851011
2851022	2851166
2851182	2854133
2854135	2854190
2854192	2854300
2854302	2854352
2854354	2854356
2854358	2856747
2856749	2858350
2858352	2858460
2858462	2859103
2861376	2861720
2861731	2862128
2862130	2862130
2862132	2862134
2862176	2862183
2862194	2862209
2862229	2862619
2862639	2862670
2862685	2863175
2863181	2863296
2864299	2866460
2866552	2866973
2867008	2867315
2867317	2867473
2867662	2867702
2867851	2868026
2868029	2868029
2868031	2868031
2868034	2868100
2868111	2868112
2868124	2868239
2868618	2868689
2868700	2872491
2877754	2877969
2877971	2878689
2878691	2879311
2879449	2879796
2879881	2880321
2880325	2880326
2880328	2880328
2880332	2880445
2880458	2880705
2880716	2881701
2881712	2883180
2884325	2888180
2888182	2889666
2889668	2889744
2889746	2889815
2889817	2890611
2890625	2890904
2892225	2892826
2892838	2892913
2892915	2894801
2894803	2896060
2943941	2947080
2947082	2947420
2947462	2947804
2947806	2947972
2947974	2948086
2948088	2948660
2948712	2951478
2951480	2952974
2952985	2953260
2953262	2955191
2955193	2955202
2955204	2955249
2955251	2956797
2956922	2956937
2956939	2958099
2958448	2958456
2958516	2959492
2965681	2968913
2969005	2969819
2969821	2969933
2969944	2969946
2969948	2969973
2969981	2970128
2970130	2970145
2970147	2970910
2970912	2971654
2971861	2975635
2975646	2980350
2980374	2982167
2982178	2984741
2984743	2984761
2984774	2985480
2985482	2991026
2991031	2991033
2991035	2991080
2991157	2993038
2993040	2993090
2993092	2995170
2995172	2995646
2995760	2996204
2996206	2998815
2998817	2998829
2998833	2998859
2998901	2998924
2998926	2999044
2999046	2999074
2999076	2999076
2999078	2999116
2999118	2999568
2999570	2999611
2999613	2999660
2999662	3003888
3003890	3003932
3003934	3003991
3003993	3004168
3004170	3004991
3004993	3004993
3005005	3015566
3015577	3016394
3016396	3017043
3017056	3021357
3021368	3026653
3026655	3026681
3026683	3026751
3026753	3028033
3028035	3028170
3028173	3028582
3028594	3029343
3029345	3030976
3030978	3033540
3033542	3036261
3036263	3036734
3036736	3037263
3037265	3037318
3037321	3037459
3037491	3037587
3037598	3037979
3037981	3039967
3040011	3040611
3040613	3040715
3040736	3040739
3040754	3040924
3040931	3040943
3040949	3040955
3040964	3041357
3041359	3042603
3042605	3042750
3042752	3042769
3042771	3042874
3042876	3042958
3042960	3042963
3042965	3042984
3043301	3043304
3043339	3043362
3043364	3043535
3043537	3046329
3046341	3047627
3047633	3052550
3052602	3052643
3052645	3053074
3053272	3055363
3055365	3057100
3057102	3059163
3059165	3059477
3059489	3062527
3062538	3063500
3063502	3063616
3063618	3063623
3063625	3064597
3064599	3066203
3066231	3067239
3067263	3067275
3067310	3070236
3070238	3071261
3071263	3071305
3071414	3071424
3071426	3071460
3071462	3071502
3071504	3073080
3073178	3073185
3073187	3073193
3073195	3073199
3073253	3075394
3075406	3075570
3077448	3077685
3079406	3079431
3079446	3083884
3083886	3084061
3084116	3084136
3084145	3084148
3084187	3084248
3084250	3084392
3084394	3084444
3084446	3084454
3084456	3084480
3084493	3084548
3084556	3084581
3084606	3084613
3084638	3086216
3086234	3086239
3086250	3087192
3087227	3088157
3088168	3088964
3090285	3090300
3090302	3092597
3092599	3093808
3093810	3093976
3093978	3094982
3095019	3095057
3095069	3095084
3095133	3096267
3096269	3096304
3096306	3096410
3096471	3096473
3096475	3097602
3097604	3105087
3105089	3105182
3105184	3105287
3105289	3105327
3105329	3105415
3105417	3105668
3105680	3105878
3105880	3106097
3106099	3106159
3106161	3107590
3107592	3107607
3107609	3107688
3107690	3107697
3107806	3107815
3107817	3107874
3107876	3107900
3107902	3107927
3108041	3108044
3108047	3108052
3108054	3108062
3108107	3108126
3108128	3108228
3108230	3108233
3108235	3108294
3108296	3108342
3108344	3108344
3108346	3108418
3108420	3108479
3108481	3108631
3108633	3108792
3108794	3108878
3108880	3108914
3108916	3109037
3109039	3109097
3109099	3109215
3109217	3109235
3109237	3109255
3109257	3109257
3109259	3109364
3109366	3110807
3110809	3113660
3113689	3114082
3114094	3114175
3114195	3114226
3114240	3114693
3114695	3114739
3114741	3114759
3114761	3114805
3114807	3114811
3114813	3114834
3115103	3115176
3115188	3115570
3115590	3115862
3115867	3115884
3115888	3116237
3116248	3118277
3118279	3119279
3119507	3120132
3120134	3120213
3120215	3120543
3120545	3121072
3121074	3121075
3121081	3121081
3121091	3121239
3121241	3121311
3121313	3121323
3121325	3122450
3122452	3125009
3125011	3125338
3125340	3126878
3126880	3126899
3126901	3126956
3126964	3127056
3127058	3129714
3129716	3129980
3129982	3135189
3135191	3141556
3141558	3141585
3141587	3148484
3148489	3148490
3148505	3148847
3148849	3149002
3149023	3150266
3150268	3155126
3155128	3155386
3155388	3157216
3157502	3161649
3161651	3166865
3166877	3166949
3166951	3167611
3167613	3168560
3168562	3168722
3168724	3169011
3169015	3169059
3169077	3169096
3169098	3169123
3169125	3169132
3169134	3169166
3169168	3169911
3169928	3170331
3170333	3173148
3173150	3173151
3173153	3173230
3173232	3173232
3173234	3173321
3173323	3173427
3173429	3173461
3173463	3175256
3175348	3175650
3178448	3178809
3179229	3180263
3180315	3180778
3180825	3180870
3181083	3181591
3181651	3182245
3182875	3185421
3185425	3186009
3186023	3187138
3187149	3189220
3189234	3189431
3189442	3189748
3189750	3189927
3190078	3190556
3190623	3190722
3190745	3190752
3190892	3192896
3192898	3193117
3207238	3217253
3217264	3217340
3217354	3221055
3221057	3221352
3221354	3222532
3222546	3225091
3225093	3226549
3226551	3226638
3226641	3226667
3226669	3226679
3226791	3227264
3227266	3227409
3227411	3227500
3227585	3229390
3229392	3229456
3229458	3229461
3229463	3230107
3230109	3230208
3230210	3230517
3230519	3231795
3231797	3232263
3232265	3232360
3232362	3232472
3232489	3234423
3234425	3236645
3236656	3236709
3236711	3239698
3239709	3242943
3242945	3244819
3244830	3244952
3245034	3245067
3245149	3245935
3247896	3248031
3248033	3248847
3248849	3249594
3250029	3253770
3253772	3254101
3254103	3254428
3254430	3255037
3255039	3255367
3255393	3258785
3258787	3260906
3260919	3262180
3262191	3262588
3262590	3263481
3263483	3264232
3264234	3264557
3264559	3265134
3265136	3273513
3273515	3274418
3274420	3275631
3275633	3275694
3275696	3276201
3276203	3276383
3276385	3276521
3276528	3276564
3276581	3276601
3276609	3276622
3276624	3276626
3276628	3276709
3276711	3277682
3277684	3278307
3278309	3278678
3278711	3281325
3281327	3282228
3282230	3282320
3282322	3282420
3282422	3282458
3282460	3282492
3282494	3282509
3282511	3282575
3282577	3282765
3282767	3282954
3282956	3283023
3283025	3283263
3283265	3284599
3284610	3284637
3284639	3286753
3286755	3286755
3286762	3286762
3286764	3286775
3286821	3286927
3286929	3286940
3286942	3287005
3287007	3287085
3287100	3287159
3287161	3287336
3287363	3287399
3287401	3287436
3287438	3287444
3287446	3287446
3287448	3287509
3287514	3287532
3287633	3287640
3287642	3287642
3287644	3287654
3287656	3287660
3287662	3287672
3287674	3287746
3287748	3287870
3287872	3288011
3288013	3288191
3288193	3289065
3289135	3289280
3289282	3289320
3289322	3289373
3289375	3289379
3289423	3289429
3289455	3289858
3289860	3290167
3290178	3290366
3290383	3290460
3290462	3290744
3290746	3290952
3290954	3291148
3291150	3291210
3291212	3291301
3291303	3292177
3292179	3292208
3292242	3293494
3293496	3296551
3296553	3296972
3296975	3296990
3296992	3297091
3297093	3297107
3297206	3297924
3297935	3297975
3297986	3298084
3298086	3298088
3298090	3298254
3298256	3299880
3299882	3300066
3300068	3300083
3300085	3300122
3300124	3300832
3300834	3301274
3301276	3302355
3302357	3303412
3303414	3306596
3306598	3307442
3307461	3309220
3309235	3309258
3309282	3309284
3309308	3309773
3309775	3309815
3309827	3310669
3310671	3310798
3310800	3311479
3311481	3311531
3311534	3311562
3311564	3311645
3311647	3311721
3311723	3313059
3313127	3313844
3313846	3318388
3318390	3318591
3318593	3318609
3318611	3318633
3318645	3318759
3318761	3318767
3318769	3318782
3318810	3318815
3318817	3320137
3320151	3321128
3321140	3321469
3321481	3321800
3322006	3322022
3322024	3322144
3322146	3322159
3322161	3322610
3322612	3322794
3322796	3325871
3325935	3326565
3326582	3327141
3327143	3327277
3327279	3328263
3328265	3329420
3329422	3330349
3330351	3330421
3330423	3330555
3330557	3330645
3330648	3331628
3331630	3332844
3332846	3333453
3333455	3337180
3337191	3338765
3338767	3338972
3338974	3339080
3339082	3339110
3339112	3339137
3339139	3340153
3340155	3340751
3340753	3345422
3345450	3345835
3345837	3345848
3345850	3345890
3346052	3346072
3346099	3347225
3347236	3349963
3349965	3351275
3351277	3351294
3351413	3351416
3351505	3351547
3351549	3354643
3354645	3360641
3360643	3361272
3366145	3366155
3366157	3366202
3366204	3366405
3366407	3366416
3366418	3366475
3366477	3366486
3366488	3366488
3366490	3366506
3366508	3366590
3366592	3366794
3366796	3366989
3366991	3367008
3367036	3367069
3367071	3367103
3367131	3367750
3367752	3368940
3368942	3369267
3369269	3370888
3370890	3371039
3371041	3371045
3371047	3371139
3371141	3371250
3371253	3372465
3372467	3374409
3374411	3374526
3374725	3375810
3375822	3375971
3375973	3376111
3376113	3378861
3378863	3378888
3378890	3379076
3379078	3379091
3379093	3379256
3379258	3380987
3381001	3382392
3382410	3383152
3383154	3383178
3383180	3383204
3383206	3383599
3383601	3387855
3387857	3387906
3387908	3387993
3387995	3388007
3388010	3388031
3388066	3388156
3388158	3388263
3388265	3388270
3388272	3388304
3388306	3390221
3390223	3390597
3390599	3391367
3391369	3391917
3391919	3394662
3394664	3395755
3395757	3396818
3396820	3396862
3396864	3396933
3396935	3398863
3398865	3400937
3400939	3401034
3401036	3401352
3401354	3401949
3401951	3404030
3404032	3404163
3404165	3404729
3404740	3406994
3406996	3407378
3407380	3407551
3407553	3408361
3408363	3409435
3409437	3409463
3409465	3409624
3409626	3410022
3410165	3412106
3412117	3412160
3412172	3413903
3413911	3413913
3413915	3413917
3413953	3414041
3414043	3414045
3414047	3414067
3414069	3414073
3414075	3414083
3414109	3414535
3414537	3414539
3414585	3414603
3414605	3414821
3414823	3414882
3414884	3414900
3414905	3414908
3414971	3414971
3414985	3415610
3415612	3420528
3420530	3420789
3420805	3420970
3420982	3421006
3421133	3422001
3422003	3423986
3423988	3424011
3424013	3424099
3424117	3424151
3424153	3425081
3425083	3427043
3427045	3427081
3427083	3427248
3427250	3428215
3428217	3429417
3429428	3429633
3429670	3431522
3431524	3432810
3432842	3433507
3433509	3433514
3433516	3434759
3434761	3434762
3434764	3436409
3436581	3438414
3438416	3438527
3438529	3441013
3441015	3441275
3441277	3441321
3441323	3441339
3441341	3441433
3441435	3442242
3442244	3442322
3442324	3446316
3451739	3452555
3452557	3453228
3453230	3453783
3453785	3453820
3453822	3454653
3454655	3454682
3454684	3460024
3460032	3460032
3460035	3461534
3461551	3462141
3462143	3462168
3462170	3464376
3464389	3466468
3466479	3467295
3467297	3468910
3468922	3470736
3470738	3476097
3502259	3504093
3504105	3504595
3504609	3505074
3505076	3505079
3505081	3505085
3505087	3505108
3505110	3505150
3505152	3505172
3505174	3505201
3505203	3505204
3505206	3505216
3505218	3505227
3505229	3505245
3505247	3505247
3505249	3505257
3505269	3505269
3505271	3505275
3505278	3505282
3505284	3505284
3505287	3505289
3505292	3505294
3505296	3505307
3505309	3505331
3505333	3505333
3505335	3505335
3505338	3505345
3505347	3505386
3505389	3505392
3505394	3505394
3505398	3505403
3505405	3505405
3505407	3505410
3505412	3505415
3505417	3505417
3505419	3505622
3505624	3505626
3505628	3505652
3505654	3505658
3505660	3505664
3505666	3507061
3507063	3507150
3507211	3507227
3507328	3507362
3507436	3507449
3507454	3507578
3507594	3507600
3507602	3507709
3507722	3508282
3508294	3508417
3508438	3508446
3508840	3508862
3508878	3510823
3510834	3510878
3510880	3510947
3510949	3510990
3510992	3511080
3511092	3512122
3512124	3512697
3512699	3513053
3513056	3513091
3513093	3513094
3513096	3513124
3513160	3513229
3513231	3513377
3513379	3513804
3513806	3513840
3513842	3513852
3513862	3514028
3514030	3514105
3514107	3514689
3514691	3514740
3514773	3514782
3514888	3515462
3515464	3515907
3515909	3516330
3516493	3520896
3520898	3520972
3521239	3521242
3521283	3521298
3521301	3522790
3524890	3525387
3525391	3525391
3525405	3526115
3526117	3529050
3529052	3529071
3529083	3530710
3530712	3530793
3530795	3531033
3531035	3531035
3531037	3531127
3531129	3531276
3531282	3531370
3531372	3531377
3531388	3531388
3531390	3532429
3532431	3532433
3532435	3532443
3532445	3532447
3532449	3532449
3532451	3532472
3532474	3534245
3534248	3534905
3534907	3537115
3537117	3537118
3537120	3541953
3541971	3541986
3541988	3541988
3541990	3542000
3542002	3542019
3542021	3542022
3542024	3542027
3542029	3542029
3542031	3542036
3542038	3542047
3542049	3542049
3542606	3546712
3546723	3546741
3546758	3548905
3548907	3549012
3549014	3549721
3549723	3549728
3549730	3549785
3549796	3549803
3549814	3550246
3550257	3550526
3550539	3552598
3552610	3553966
3553968	3554792
3554794	3554902
3554904	3554922
3554924	3555003
3555008	3555165
3555167	3555232
3555234	3555765
3555767	3557396
3557398	3557471
3557537	3557573
3557595	3557600
3557602	3557634
3557636	3557646
3557650	3557859
3557861	3557936
3557938	3558642
3558644	3558718
3558720	3558847
3558849	3559627
3559629	3563683
3563765	3566259
3566388	3568218
3568220	3570692
3570698	3571001
3571003	3571455
3571457	3572467
3572469	3575125
3575127	3579474
3579476	3580623
3580639	3584000
3584014	3584222
3584274	3585761
3585878	3586581
3586600	3587116
3587118	3587143
3587152	3587154
3587156	3587156
3587168	3587237
3587248	3588053
3588064	3591426
3591428	3591450
3591452	3596131
3596133	3598378
3598533	3605070
3605072	3605279
3605348	3606243
3606245	3606699
3606702	3606706
3606708	3607197
3607300	3607322
3607324	3607337
3607348	3607596
3607607	3608632
3608634	3609856
3609858	3610147
3610149	3610197
3610199	3610205
3610208	3610263
3610265	3611468
3611480	3611511
3611523	3611531
3611533	3611535
3611549	3611551
3611570	3611582
3611584	3611618
3611620	3616737
3616739	3616953
3616955	3617091
3617102	3617882
3617884	3617923
3617925	3619445
3619447	3623950
3624150	3624157
3624159	3624281
3624320	3624515
3624517	3624698
3624709	3625433
3629053	3629072
3629074	3630724
3630726	3633208
3633223	3639753
3639755	3639864
3639866	3639947
3639949	3640139
3640151	3640467
3640479	3640488
3640501	3645782
3645784	3645790
3645792	3650064
3650066	3658511
3658513	3664828
3664830	3665218
3665220	3665840
3665842	3668410
3668572	3669911
3670215	3674438
3674440	3674440
3674466	3674471
3674473	3674542
3674558	3674601
3674603	3676841
3676843	3676924
3676926	3676942
3676944	3677143
3677145	3677147
3677149	3680502
3680504	3680551
3680553	3680622
3680624	3680634
3680636	3686835
3686846	3690195
3690197	3690216
3690218	3690334
3690336	3692769
3692771	3694231
3694233	3701185
3701187	3701347
3701349	3701416
3701418	3704920
3704922	3710610
3736678	3737085
3737097	3738517
3738529	3740317
3740319	3741438
3741440	3748805
3748807	3750864
3750866	3758787
3758798	3763695
3763697	3765346
3765348	3775336
3775338	3777107
3777119	3781016
3781018	3783251
3783378	3786367
3786378	3788307
3788309	3789582
3789594	3794044
3794311	3794361
3794373	3794436
3794704	3796105
3796107	3796358
3796360	3797835
3797837	3799935
3799937	3808872
3809000	3823402
3823614	3824612
3825552	3829051
3829053	3829559
3829571	3829655
3829751	3835564
3835577	3835594
3835693	3835784
3835796	3836341
3836343	3836365
3836367	3838193
3838195	3838237
3838239	3838426
3838428	3838529
3838531	3838555
3838557	3839990
3840281	3843242
3843244	3844596
3844598	3844803
3844805	3845430
3845435	3845442
3845455	3845484
3845486	3845571
3845573	3848724
3848736	3850375
3850377	3850621
3850623	3852038
3875619	3879971
3879973	3880888
3880890	3880985
3880987	3881018
3881020	3884149
3884151	3891143
3891238	3895624
3895626	3898350
3898361	3898506
3898517	3898691
3898693	3899085
3899096	3903256
3903258	3904172
3904184	3904427
3904429	3904577
3904579	3904741
3904743	3906624
3908175	3911389
3911395	3912400
3919730	3920422
3920424	3928833
3928835	3930014
3930026	3931262
3931424	3933516
3933518	3933942
3933944	3934198
3934556	3934574
3934932	3934937
3934951	3937460
3937462	3937600
3937602	3937736
3937738	3938120
3938122	3938490
3938492	3939991
3939993	3940009
3940019	3940046
3940081	3941291
3941293	3942609
3942611	3942712
3942714	3942789
3942961	3943831
3943843	3944267
3944279	3946517
3946519	3953019
3953021	3954485
3954487	3955305
3955307	3955314
3955317	3955319
3955321	3955332
3955334	3955336
3955338	3955338
3955340	3955647
3955649	3955712
3955714	3956252
3956310	3959707
3959709	3960180
3960182	3970908
3971296	3972321
3972323	3972514
3972516	3972938
3972940	3972943
3972945	3973004
3973006	3974363
3974374	3976825
3976866	3978314
3978316	3978316
3978328	3978498
3978500	3979355
3979374	3979381
3979383	3979396
3979398	3979398
3979400	3979404
3979406	3979407
3979410	3979412
3979414	3979447
3979449	3986284
3986413	3987961
3987963	3988007
3988009	3988035
3988037	3990137
3990148	3991771
3991782	3992485
3992487	3992499
3992523	3992542
3992553	3992802
3992976	3992979
3992981	3992996
3993152	3993375
3993377	3993535
3993537	3993548
3993550	3995054
3995056	3995073
3995091	3995962
3995982	3996229
3996231	3997875
3997877	4000191
4000193	4000334
4000336	4006983
4006985	4007031
4007105	4007106
4007279	4007338
4007340	4008096
4008167	4008170
4008172	4008648
4009090	4009094
4009096	4009101
4009129	4009171
4009179	4009202
4009225	4009423
4009489	4009530
4009532	4009533
4009535	4009537
4009604	4009853
4009855	4012130
4012132	4012634
4012636	4013439
4013441	4019114
4019116	4019599
4019601	4020429
4020431	4023342
4023354	4023404
4023472	4025778
4025784	4025792
4025840	4025862
4025864	4027406
4027408	4028765
4029065	4030460
4030471	4033329
4034649	4036001
4036003	4036003
4036015	4036478
4036480	4036819
4036821	4036917
4036919	4040302
4040304	4042229
4042231	4042843
4042845	4044090
4044092	4044361
4044364	4044531
4044533	4046737
4046739	4046755
4046866	4047186
4047197	4048536
4048547	4055844
4055856	4058002
4058004	4058059
4058061	4058329
4058353	4060838
4060916	4064206
4064217	4068510
4068512	4070803
4070817	4074510
4074512	4077235
4077262	4080925
4080927	4082930
4082932	4087500
4087502	4089522
4089548	4096729
4096740	4097488
4097490	4097549
4097563	4097566
4097568	4097726
4097728	4098598
4098600	4098890
4098892	4099216
4099218	4099652
4099654	4099707
4099709	4099819
4099821	4099946
4099948	4099949
4099951	4100448
4100450	4102149
4102151	4103524
4103617	4103871
4103873	4103922
4103924	4103926
4103928	4104703
4104705	4105196
4105345	4105728
4105730	4106209
4106211	4109624
4109626	4110327
4110338	4111081
4111092	4111454
4111465	4113027
4113029	4115250
4115252	4116608
4116610	4116610
4116612	4118635
4118655	4120669
4120671	4120694
4120732	4122164
4122166	4124293
4124304	4125422
4125424	4125866
4125883	4125883
4125885	4130016
4130018	4137524
4137526	4137907
4137918	4138832
4138834	4138894
4138896	4138986
4138988	4139125
4139137	4139183
4139185	4139725
4139834	4141281
4141283	4144303
4144305	4144972
4144974	4145050
4145052	4145165
4145184	4146675
4146686	4148003
4148005	4149744
4149746	4151975
4152040	4153294
4153296	4158341
4158401	4158515
4158682	4158789
4164143	4181385
4181387	4187090
4187092	4189132
4189134	4190176
4191363	4192890
4192892	4197871
4197873	4198712
4198714	4200461
4200472	4201608
4201670	4202468
4202470	4202474
4202711	4202711
4202713	4202716
4202772	4202773
4202775	4202931
4202933	4203391
4203393	4203648
4203650	4207700
4207702	4207732
4207734	4207747
4207773	4207796
4207799	4210323
4210326	4212116
4212118	4214969
4214971	4215071
4215073	4215525
4215527	4217005
4217016	4219259
4219276	4219295
4219307	4219332
4219346	4219742
4219754	4220249
4220252	4220572
4220574	4220576
4220578	4220825
4220837	4220896
4220904	4222332
4222344	4224914
4224916	4230146
4230150	4232344
4232346	4232491
4232493	4234053
4234055	4234057
4234059	4234112
4234114	4234145
4234147	4234176
4234178	4234317
4234328	4234342
4234344	4234454
4234456	4234478
4234480	4242558
4242560	4242638
4242640	4243011
4243080	4243256
4243272	4245761
4245763	4246426
4246428	4247070
4247072	4249853
4249855	4250070
4250072	4250660
4250662	4250708
4250710	4251461
4251463	4251757
4251759	4251762
4251764	4256367
4256378	4264960
4264962	4268030
4268920	4269800
4269802	4269816
4269818	4271114
4271116	4271119
4271128	4271144
4271178	4271245
4271256	4271532
4271534	4271975
4271977	4272098
4272100	4276594
4278463	4279150
4279162	4279650
4279669	4280013
4280024	4289333
4289335	4291591
4295103	4295460
4295462	4295502
4295504	4295507
4295509	4295618
4295620	4295625
4295627	4300270
4300282	4300304
4300306	4300307
4300319	4301009
4302834	4304510
4304527	4304674
4304690	4305494
4305496	4306194
4306201	4307145
4307147	4309120
4309122	4309171
4309173	4310295
4311337	4312485
4312487	4313097
4313099	4316445
4316447	4316448
4316453	4316983
4317927	4322555
4322557	4322671
4322673	4323033
4323035	4323085
4323100	4323132
4323134	4323146
4323148	4323184
4323186	4325815
4325817	4326175
4326177	4326193
4326195	4326531
4326533	4326548
4326550	4326556
4326558	4326574
4326576	4326748
4326761	4326777
4326808	4326866
4326868	4326875
4326877	4327029
4327032	4327059
4327061	4328093
4328095	4332285
4347679	4349394
4349396	4349472
4349476	4349485
4349526	4349578
4349580	4350665
4350667	4350826
4350828	4352724
4352726	4353717
4359566	4362499
4362501	4362567
4362569	4363298
4363300	4363349
4363351	4363481
4363483	4364696
4364698	4365133
4365135	4367486
4367500	4368133
4368135	4368263
4368280	4368280
4368282	4368282
4368284	4368284
4368286	4368587
4368601	4369126
4369138	4370597
4370608	4370617
4370630	4370706
4370717	4370804
4370817	4373558
4373560	4373561
4373563	4373569
4373572	4373579
4373581	4373582
4373584	4373588
4373590	4373591
4373593	4373597
4373599	4373603
4373605	4373607
4373609	4373609
4373611	4373612
4373614	4373615
4373617	4373630
4373632	4373633
4373635	4373636
4373638	4373639
4373641	4373642
4373644	4373657
4373659	4373660
4373662	4373669
4373671	4373678
4373680	4373774
4373789	4374980
4374991	4375053
4375064	4377198
4377200	4378121
4378123	4378924
4378938	4382304
4382321	4382549
4382561	4382600
4382676	4383316
4383328	4383358
4383369	4383371
4383374	4383388
4383390	4383395
4383397	4383410
4383412	4383413
4383415	4383437
4383439	4383443
4383445	4383458
4383460	4383464
4383466	4383470
4383472	4383482
4383485	4383486
4383488	4383488
4383490	4383491
4383493	4383494
4383496	4383497
4383499	4383501
4383505	4383512
4383514	4383515
4383517	4383518
4383520	4383521
4383523	4383542
4383544	4383545
4383547	4383548
4383551	4383563
4383565	4383569
4383571	4383575
4383577	4383579
4383581	4383584
4383586	4383590
4383592	4383593
4383595	4383602
4383604	4383614
4383616	4383629
4383631	4383641
4383643	4383644
4383646	4383647
4383649	4383650
4383652	4383664
4383667	4383671
4383674	4383683
4383685	4383686
4383688	4383689
4383691	4383692
4383694	4383695
4383697	4383704
4383706	4383713
4383715	4383716
4383718	4383719
4383722	4383722
4383724	4383726
4383728	4383731
4383733	4383737
4383739	4383740
4383742	4383750
4383752	4383758
4383760	4383764
4383766	4383788
4383790	4383791
4383793	4383800
4383802	4383806
4383808	4383809
4383811	4383821
4383823	4383827
4383829	4383839
4383841	4383842
4383844	4383845
4383847	4383854
4383856	4383857
4383859	4383866
4383868	4383869
4383871	4383872
4383874	4383881
4383883	4383884
4383886	4383886
4383901	4383902
4383904	4383908
4383910	4383932
4383934	4383936
4383938	4383938
4383940	4383954
4383956	4383962
4383964	4383964
4383966	4383971
4383973	4383980
4383998	4384001
4384003	4384004
4384006	4384011
4384013	4384013
4384015	4384016
4384018	4384020
4384022	4384036
4384039	4384040
4384042	4384043
4384045	4384048
4384050	4384052
4384054	4384059
4384061	4384061
4384063	4384064
4384066	4384067
4384070	4384070
4384072	4384076
4384078	4384082
4384084	4384085
4384087	4384097
4384099	4384100
4384102	4384109
4384111	4384124
4384126	4384133
4384135	4384136
4384138	4384142
4384147	4384148
4384151	4384151
4384153	4384157
4384159	4384160
4384162	4384163
4384165	4384169
4384171	4384172
4384174	4384178
4384180	4384184
4384186	4384187
4384189	4384190
4384192	4384208
4384210	4384220
4384222	4384232
4384234	4384235
4384237	4384238
4384240	4384253
4384255	4384265
4384267	4384268
4384270	4384274
4384277	4384286
4384288	4384289
4384291	4384292
4384294	4384295
4384297	4384298
4384300	4384301
4384303	4384313
4384315	4384319
4384321	4384338
4384340	4384340
4384342	4384343
4384345	4384346
4384348	4384349
4384351	4384355
4384357	4384358
4384360	4384361
4384363	4384367
4384369	4384373
4384375	4384376
4384378	4384385
4384387	4384391
4384393	4384394
4384396	4384397
4384399	4384410
4384412	4384412
4384414	4384415
4384417	4384430
4384432	4384434
4384436	4384436
4384438	4384451
4384453	4384458
4384460	4384485
4384487	4384487
4384489	4384499
4384501	4384502
4384504	4384505
4384507	4384538
4384540	4384541
4384543	4384544
4384546	4384547
4384549	4384556
4384558	4384562
4384564	4384567
4384569	4384577
4384579	4384580
4384582	4384586
4384588	4384589
4384591	4384595
4384598	4384604
4384606	4384614
4384616	4384622
4384624	4384631
4384633	4384653
4384655	4384676
4384678	4384688
4384690	4384706
4384708	4384718
4384720	4384727
4384729	4384754
4384756	4384757
4384759	4384760
4384762	4384767
4384769	4384772
4384774	4384774
4384776	4384778
4384780	4384781
4384783	4384784
4384786	4384790
4384792	4384793
4384796	4384796
4384798	4384805
4384807	4384832
4384834	4384836
4384838	4384838
4384840	4384841
4384843	4384844
4384846	4384847
4384850	4384862
4384864	4384868
4384870	4384871
4384873	4384880
4384882	4384886
4384888	4384892
4384894	4384907
4384909	4384915
4384917	4384917
4384919	4384919
4384921	4384925
4384927	4384934
4384936	4384937
4384939	4384946
4384948	4384955
4384957	4384961
4384963	4384964
4384966	4384974
4384976	4384986
4384990	4384997
4384999	4385003
4385005	4385006
4385008	4385012
4385014	4385018
4385020	4385021
4385023	4385024
4385026	4385033
4385035	4385036
4385038	4385041
4385044	4385045
4385047	4385060
4385062	4385063
4385065	4385066
4385068	4385072
4385074	4385080
4385083	4385084
4385086	4385090
4385092	4385093
4385095	4385117
4385131	4385191
4385437	4385556
4385567	4385597
4385599	4386485
4386497	4386578
4386580	4386649
4386655	4386819
4386830	4387023
4387036	4387043
4387052	4387056
4387067	4388452
4397510	4407074
4407078	4407084
4407086	4408396
4408398	4408398
4408410	4408436
4410031	4410036
4410038	4413022
4413024	4416647
4416659	4418371
4418553	4420235
4420237	4428865
4428867	4428889
4428891	4428910
4428912	4429391
4429393	4430564
4430566	4431022
4431033	4431871
4432102	4432606
4432648	4438195
4438245	4438249
4438292	4438292
4438294	4438295
4438297	4438302
4438304	4438336
4438338	4438556
4438568	4442187
4442189	4442191
4442193	4442202
4442204	4442240
4442242	4442250
4442252	4442262
4442264	4442323
4442531	4442533
4442535	4442553
4442555	4442558
4442574	4444189
4444191	4445902
4445904	4452606
4458510	4462994
4462996	4468037
4468092	4468534
4468536	4468576
4468587	4470544
4470546	4485030
4485032	4485074
4485076	4485077
4485079	4485934
4485936	4485941
4485943	4487306
4487318	4488025
4488027	4488027
4488029	4488137
4492173	4492336
4492559	4497035
4497037	4498082
4499450	4500686
4500717	4500722
4500873	4500899
4500901	4502750
4502752	4503530
4503532	4504890
4508725	4510032
4510034	4510360
4510371	4510695
4510697	4510738
4510740	4510740
4510752	4510771
4510935	4510953
4510958	4515274
4515277	4515284
4515286	4516765
4516767	4518140
4518376	4519889
4519891	4520822
4521357	4525605
4525607	4525612
4525614	4525617
4525619	4525704
4525706	4525734
4525736	4525740
4525742	4525746
4525748	4525749
4525751	4525752
4525754	4525755
4525757	4528021
4528121	4528156
4528158	4528645
4528677	4532683
4532685	4536049
4536061	4539608
4540897	4543817
4549142	4552237
4552239	4561511
4561520	4564332
4564334	4570214
4570216	4572043
4572045	4580988
4624440	4625651
4625653	4626658
4626758	4628119
4628121	4628292
4629133	4630140
4630151	4631307
4631309	4632972
4632974	4632984
4632996	4634437
4634460	4634803
4634805	4635069
4635071	4635346
4635361	4635829
4635831	4635944
4635958	4637137
4637152	4637995
4638006	4638044
4641402	4643659
4643670	4644310
4644349	4645866
4645869	4645891
4645893	4645906
4645908	4645935
4645937	4651994
4652496	4652846
4652848	4655478
4655489	4661639
4661701	4663938
4664043	4665227
4665229	4665249
4665345	4665347
4665350	4665367
4665369	4665386
4665388	4665396
4665398	4665407
4665409	4665411
4665416	4667613
4667628	4668040
4668042	4673333
4673341	4673356
4673358	4674401
4674403	4674550
4677178	4683423
4683435	4685503
4685509	4685509
4685535	4685559
4685563	4685564
4685566	4685691
4693699	4695291
4695391	4698463
4705408	4707374
4707376	4709012
4709023	4709056
4709069	4713943
4713945	4716584
4716586	4717589
4717591	4721743
4721745	4727432
4727434	4731228
4731239	4731263
4731265	4735010
4740520	4742372
4742466	4743716
4743814	4743816
4743839	4745535
4745537	4747279
4747281	4749258
4749260	4749346
4749348	4749348
4749350	4749380
4749382	4749481
4749483	4749814
4749816	4749993
4749995	4750116
4750118	4750158
4750160	4750177
4750191	4750197
4750199	4750403
4750405	4753013
4753037	4754666
4754680	4755805
4755807	4757887
4757900	4766426
4766428	4766952
4766954	4776092
4776556	4777478
4777480	4778056
4779636	4779898
4779967	4781687
4781698	4781719
4781730	4782418
4782420	4789835
4789837	4793325
4793327	4793558
4793560	4793948
4794960	4796900
4797051	4797065
4797067	4797079
4797132	4797774
4797776	4798611
4798756	4799165
4799177	4799208
4799210	4799346
4799348	4799556
4799558	4799606
4799628	4799678
4799680	4802582
4802584	4802599
4802601	4802788
4802885	4803172
4803174	4809343
4809488	4809492
4809501	4810949
4810951	4811746
4811802	4814462
4814464	4814610
4814612	4815366
4815368	4819596
4819598	4822097
4822099	4822121
4822153	4825694
4825696	4825733
4825735	4825972
4825974	4826769
4826771	4826792
4826794	4827797
4827799	4828899
4828901	4828958
4828960	4828992
4828994	4831411
4836979	4847432
4847443	4850161
4850172	4850224
4850232	4850244
4850297	4850368
4850379	4850379
4850381	4850390
4850392	4850453
4850468	4850471
4850473	4850622
4850624	4850959
4850961	4856205
4872184	4874016
4874018	4874049
4874051	4875167
4875178	4875566
4875568	4875611
4875613	4877428
4877439	4877439
4877441	4877444
4877446	4877448
4877451	4877452
4877454	4877458
4877460	4877460
4877463	4877463
4877465	4877509
4877524	4877540
4877551	4877632
4877644	4877811
4877843	4878298
4878309	4878460
4878474	4878751
4878807	4878942
4878954	4878962
4878973	4881801
4882118	4883173
4884449	4885640
4885669	4885670
4885672	4885675
4885733	4885840
4885842	4885894
4885922	4888816
4888818	4889203
4889205	4889527
4889529	4889943
4889946	4890066
4890077	4890198
4890200	4890672
4890674	4890730
4890748	4890868
4890870	4891584
4893491	4894655
4894771	4896152
4896154	4902123
4902125	4904256
4904258	4904366
4904368	4904372
4904374	4904431
4904433	4904452
4904459	4908757
4908759	4908806
4908817	4915747
4915898	4918938
4920466	4922633
4922635	4922659
4922661	4922759
4922761	4922835
4922837	4924553
4924555	4924638
4924640	4927763
4927765	4928810
4928812	4928887
4934421	4935041
4935054	4935056
4935064	4936262
4936264	4936609
4936611	4936706
4936708	4937766
4937768	4942162
4942164	4944797
4944898	4947025
4947027	4947084
4947086	4955609
4955611	4955612
4955614	4955627
4955630	4955633
4955636	4955639
4955641	4955653
4955656	4955663
4955665	4955675
4955677	4955681
4955683	4955683
4955686	4955686
4955689	4955693
4955695	4955720
4955722	4955723
4955725	4955726
4955728	4955735
4955737	4955738
4955740	4955741
4955743	4955746
4955748	4955750
4955752	4955753
4955755	4955759
4955761	4955762
4955764	4955768
4955770	4955770
4955773	4955774
4955776	4955780
4955782	4955789
4955791	4955809
4955812	4955819
4955821	4956086
4956088	4956089
4956091	4956092
4956094	4956095
4956097	4956113
4956115	4956131
4956133	4956134
4956136	4956143
4956145	4956152
4956154	4956156
4956158	4956176
4956178	4956182
4956184	4956197
4956199	4956200
4956202	4956203
4956205	4956206
4956208	4956212
4956214	4956228
4956230	4956233
4956235	4956251
4956253	4956254
4956256	4956263
4956265	4956266
4956268	4956272
4956274	4956275
4956277	4956278
4956280	4956293
4956295	4956302
4956304	4956311
4956313	4956314
4956316	4956320
4956322	4956362
4956364	4956365
4956367	4956374
4956376	4956380
4956382	4956383
4956385	4956386
4956388	4956389
4956391	4956400
4956403	4956422
4956424	4956425
4956427	4956427
4956430	4956431
4956433	4956434
4956436	4956446
4956448	4956449
4956451	4956453
4956456	4956468
4956470	4956473
4956475	4956478
4956480	4956491
4956493	4956500
4956502	4957960
4957962	4959298
4959300	4962153
4962155	4964378
4964380	4964403
4964405	4964637
4964639	4964799
4964801	4965925
4965927	4967673
4970404	4975690
4981107	4984615
4984701	4985088
4986275	4987521
4987523	4988775
4988797	4994708
4994710	4999204
4999215	4999751
4999753	5000995
5000997	5001321
5001323	5001430
5001432	5004305
5004307	5004350
5004352	5004417
5004419	5004467
5004469	5004670
5004672	5005060
5005072	5006912
5006914	5010650
5010652	5011685
5011687	5013086
5013088	5013391
5013393	5013561
5013634	5013654
5013658	5014647
5014649	5014940
5014962	5014990
5014995	5014999
5015001	5015037
5015039	5015491
5015493	5016773
5022186	5022193
5022205	5023892
5023920	5024298
5024300	5024302
5024304	5024366
5024368	5026136
5026143	5026150
5026152	5026216
5026218	5026940
5026952	5026958
5026960	5026961
5026964	5026979
5026981	5026982
5026984	5027048
5027050	5027067
5027069	5027077
5027079	5027080
5027082	5027688
5027690	5029186
5029188	5029188
5029200	5029765
5029776	5030950
5030952	5031186
5031188	5039928
5039930	5040238
5040240	5040965
5079730	5082495
5082497	5084521
5084523	5084738
5084748	5088795
5088985	5089105
5089202	5090561
5090580	5090636
5090638	5090659
5090661	5096121
5096123	5096166
5096168	5096215
5096230	5096867
5096869	5096975
5096977	5100130
5100142	5102750
5102752	5102756
5102767	5103969
5103988	5104085
5104136	5104136
5104162	5104189
5104202	5104263
5104274	5104985
5104994	5105087
5105089	5105095
5105097	5105262
5105264	5105324
5105335	5113458
5113479	5113542
5113554	5113710
5113728	5114519
5114531	5114647
5114659	5114709
5114720	5114776
5114787	5114956
5114958	5114961
5114964	5114967
5114971	5114971
5114973	5114978
5114980	5114981
5114983	5114992
5114995	5115010
5115013	5115015
5115017	5115022
5115024	5115024
5115027	5115036
5115038	5115041
5115043	5115044
5115046	5121686
5121688	5121729
5121926	5121935
5121946	5122041
5122043	5122102
5122104	5122214
5122232	5122513
5122525	5125401
5125403	5127556
5127558	5127565
5127567	5127571
5127573	5128662
5128664	5128692
5128703	5130244
5130246	5132617
5132619	5132624
5132689	5132743
5132745	5133227
5133238	5133919
5133921	5133929
5133931	5133959
5133961	5133975
5133977	5134015
5134017	5134070
5134143	5134145
5134167	5135798
5135800	5135967
5135978	5135989
5135992	5136003
5136159	5136244
5136246	5136424
5136426	5136426
5136441	5136486
5136488	5138591
5138657	5146130
5146132	5149088
5149099	5149153
5149164	5152402
5152404	5153952
5153954	5155538
5155634	5157080
5157092	5157346
5157395	5159562
5168946	5169256
5169275	5170498
5170510	5171546
5171548	5171620
5171622	5171677
5171751	5171763
5171765	5171779
5171781	5171828
5171830	5172007
5172009	5172279
5172281	5172322
5172324	5172407
5172409	5172682
5172684	5172797
5172813	5172895
5172988	5173349
5173351	5173410
5173412	5175071
5175073	5175194
5175196	5175282
5175284	5175301
5175303	5175441
5175443	5175563
5175565	5175581
5175583	5175888
5175922	5176006
5176008	5176024
5176026	5176144
5176146	5176226
5176239	5176239
5176241	5176864
5176866	5177916
5177918	5177964
5177966	5177990
5177992	5177994
5177996	5178046
5178048	5178100
5178320	5178405
5178407	5178690
5178701	5178715
5178726	5180772
5180860	5180880
5180960	5181496
5181709	5186884
5186886	5192634
5192636	5192636
5192661	5194711
5194713	5195081
5195083	5195129
5195136	5195146
5195151	5195155
5195159	5195268
5195270	5200293
5201786	5206780
5206782	5206801
5206803	5206815
5206817	5206822
5206824	5206828
5206830	5206831
5206833	5206846
5206848	5206852
5206854	5206855
5206857	5206858
5206860	5206861
5206863	5206870
5206873	5206879
5206881	5206894
5206896	5206897
5206899	5206909
5206911	5214960
5214972	5216709
5217253	5227207
5227218	5227218
5227220	5227227
5227229	5227746
5227925	5228560
5228582	5231101
5231112	5232148
5232159	5236944
5236946	5239711
5239899	5241261
5241263	5241408
5241410	5244271
5244284	5246211
5246513	5246835
5246837	5250346
5250374	5250379
5250394	5250481
5250483	5252531
5252533	5252573
5252575	5252682
5252684	5252800
5252802	5254460
5254462	5254462
5254474	5255302
5255304	5255905
5255907	5257535
5257537	5257616
5257618	5260742
5260744	5261127
5261129	5262498
5262500	5262588
5262590	5262961
5262973	5262983
5262985	5262991
5262994	5263013
5263015	5263018
5263020	5263026
5263028	5263031
5263033	5263035
5263037	5263041
5263043	5263044
5263046	5263047
5263049	5263072
5263074	5263079
5263081	5263962
5263964	5265346
5265348	5271752
5271754	5276590
5276592	5276897
5276899	5278802
5278819	5280463
5281546	5281835
5283592	5284508
5284519	5285829
5285831	5290103
5290117	5293081
5294314	5295385
5295442	5303842
5303846	5303847
5303853	5303890
5303921	5304004
5304657	5313486
5313497	5314280
5314282	5314467
5314469	5314912
5314924	5316080
5316102	5316123
5316185	5321310
5321312	5321687
5340164	5344116
5344273	5345820
5345930	5347210
5391647	5393202
5393448	5394663
5394674	5394702
5394728	5394736
5394746	5394749
5394785	5396643
5396645	5396670
5396734	5396737
5396748	5397625
5397901	5397934
5397936	5398114
5398126	5404852
5404877	5404912
5404935	5405006
5406188	5407954
5407956	5408973
5408975	5411462
5411464	5411551
5411553	5411558
5411596	5411597
5411599	5413084
5413086	5413340
5413342	5415406
5415408	5416072
5416083	5416427
5422101	5422482
5422500	5422589
5422679	5422787
5423023	5423204
5423243	5423262
5423606	5423656
5423672	5423924
5423939	5423970
5426994	5427151
5427153	5429600
5429611	5430337
5430339	5430356
5430358	5431841
5431854	5432957
5432983	5432985
5433020	5433020
5433024	5433024
5433027	5433027
5433039	5433094
5433111	5433237
5433239	5433353
5433367	5435020
5435032	5435182
5445713	5445813
5445815	5449085
5449102	5449232
5450093	5455065
5455067	5455494
5455505	5455554
5455565	5461549
5461561	5461641
5461678	5461761
5461763	5464565
5464655	5464766
5464779	5464787
5464789	5465272
5465274	5465318
5465320	5466458
5466460	5467636
5467638	5471606
5471608	5471944
5471946	5471947
5471949	5472180
5472182	5472536
5472637	5473804
5473815	5478792
5478844	5480388
5480390	5480439
5480441	5483864
5483866	5484085
5484087	5485507
5485519	5485684
5485687	5485703
5485706	5485706
5485712	5485713
5485716	5485717
5485720	5485727
5485729	5485730
5485732	5485732
5485734	5485742
5485744	5486875
5486902	5495884
5495886	5498578
