strain1	strain2	pairwise_snp
REF	DRR147067	32274
REF	DRR147069	32274
REF	DRR147072	32275
REF	DRR147075	32274
REF	DRR147079	32275
REF	DRR149584	88
REF	DRR149590	87
REF	DRR149598	86
REF	DRR149646	87
REF	DRR149690	87
REF	DRR149748	420
REF	DRR149750	419
REF	DRR149762	420
REF	DRR149766	421
REF	DRR149771	419
DRR147067	DRR147069	0
DRR147067	DRR147072	1
DRR147067	DRR147075	0
DRR147067	DRR147079	1
DRR147067	DRR149584	32307
DRR147067	DRR149590	32306
DRR147067	DRR149598	32305
DRR147067	DRR149646	32306
DRR147067	DRR149690	32306
DRR147067	DRR149748	32425
DRR147067	DRR149750	32424
DRR147067	DRR149762	32425
DRR147067	DRR149766	32426
DRR147067	DRR149771	32424
DRR147069	DRR147072	1
DRR147069	DRR147075	0
DRR147069	DRR147079	1
DRR147069	DRR149584	32307
DRR147069	DRR149590	32306
DRR147069	DRR149598	32305
DRR147069	DRR149646	32306
DRR147069	DRR149690	32306
DRR147069	DRR149748	32425
DRR147069	DRR149750	32424
DRR147069	DRR149762	32425
DRR147069	DRR149766	32426
DRR147069	DRR149771	32424
DRR147072	DRR147075	1
DRR147072	DRR147079	2
DRR147072	DRR149584	32308
DRR147072	DRR149590	32307
DRR147072	DRR149598	32306
DRR147072	DRR149646	32307
DRR147072	DRR149690	32307
DRR147072	DRR149748	32426
DRR147072	DRR149750	32425
DRR147072	DRR149762	32426
DRR147072	DRR149766	32427
DRR147072	DRR149771	32425
DRR147075	DRR147079	1
DRR147075	DRR149584	32307
DRR147075	DRR149590	32306
DRR147075	DRR149598	32305
DRR147075	DRR149646	32306
DRR147075	DRR149690	32306
DRR147075	DRR149748	32425
DRR147075	DRR149750	32424
DRR147075	DRR149762	32425
DRR147075	DRR149766	32426
DRR147075	DRR149771	32424
DRR147079	DRR149584	32308
DRR147079	DRR149590	32307
DRR147079	DRR149598	32306
DRR147079	DRR149646	32307
DRR147079	DRR149690	32307
DRR147079	DRR149748	32426
DRR147079	DRR149750	32425
DRR147079	DRR149762	32426
DRR147079	DRR149766	32427
DRR147079	DRR149771	32425
DRR149584	DRR149590	3
DRR149584	DRR149598	2
DRR149584	DRR149646	3
DRR149584	DRR149690	3
DRR149584	DRR149748	454
DRR149584	DRR149750	453
DRR149584	DRR149762	454
DRR149584	DRR149766	455
DRR149584	DRR149771	453
DRR149590	DRR149598	1
DRR149590	DRR149646	2
DRR149590	DRR149690	2
DRR149590	DRR149748	453
DRR149590	DRR149750	452
DRR149590	DRR149762	453
DRR149590	DRR149766	454
DRR149590	DRR149771	452
DRR149598	DRR149646	1
DRR149598	DRR149690	1
DRR149598	DRR149748	452
DRR149598	DRR149750	451
DRR149598	DRR149762	452
DRR149598	DRR149766	453
DRR149598	DRR149771	451
DRR149646	DRR149690	2
DRR149646	DRR149748	453
DRR149646	DRR149750	452
DRR149646	DRR149762	453
DRR149646	DRR149766	454
DRR149646	DRR149771	452
DRR149690	DRR149748	453
DRR149690	DRR149750	452
DRR149690	DRR149762	453
DRR149690	DRR149766	454
DRR149690	DRR149771	452
DRR149748	DRR149750	1
DRR149748	DRR149762	2
DRR149748	DRR149766	3
DRR149748	DRR149771	1
DRR149750	DRR149762	1
DRR149750	DRR149766	2
DRR149750	DRR149771	0
DRR149762	DRR149766	3
DRR149762	DRR149771	1
DRR149766	DRR149771	2
